Ticker,Close_Price,SlowK,SlowD,Days_Since_Cross,Passed_Scan
AAL,12.850000381469727,14.903030828349095,32.41624372138743,,False
AAPL,336.6700134277344,51.70444403576617,47.41968912825904,0.0,True
ABBV,271.3599853515625,71.08138828281096,55.89709648485466,1.0,True
ABT,98.7300033569336,37.17891992348575,27.72104960928932,2.0,True
ACN,196.63999938964844,43.192063261936454,40.561467767237836,,False
ADI,410.0799865722656,83.03624139909444,85.83216934248556,,False
ADM,81.33999633789062,63.91080927903154,37.77917463736861,3.0,True
ADP,264.0,50.39798229674557,28.92956316829923,1.0,True
ADSK,235.0500030517578,89.52033756654072,53.98746294562795,,False
AEM,180.38999938964844,18.54158631596318,20.24870833863609,1.0,True
AEP,122.08000183105469,81.10188554208038,51.8586596602697,,False
AFL,112.73999786376953,43.93747625494436,29.17133739925169,2.0,True
AIG,75.66000366210938,71.90982182155342,55.86869658554455,,False
ALL,223.9499969482422,32.616631253684076,16.92994779668336,2.0,True
AMAT,520.6500244140625,78.40442485846614,85.13649648355461,,False
AMD,645.8599853515625,80.1941445383325,81.32877284752028,,False
AME,248.6199951171875,66.27468875278348,76.58504255619964,,False
AMGN,413.0799865722656,43.527000090100444,55.4459594429217,,False
AMZN,259.9200134277344,83.71786296858122,48.36775444890654,3.0,True
ANET,215.8300018310547,85.13752166323462,70.67238745681962,1.0,True
AON,270.4700012207031,25.804814834514076,17.067162220409525,2.0,True
APH,87.55000305175781,81.77533747553338,78.83070943602912,,False
AVGO,376.510009765625,80.80964688383091,57.31869873723453,2.0,True
AXP,304.25,49.584752852008506,31.456026465490254,,False
AZO,2846.27001953125,54.42018154557632,39.212922981519725,1.0,True
BA,188.32000732421875,29.664450319177732,27.64128253913035,,False
BAC,53.52000045776367,20.168638363183792,15.512322378552055,3.0,True
BDX,180.16000366210938,38.26457800157797,39.677687760567196,,False
BKNG,155.8699951171875,20.915221534382333,24.18314093512632,1.0,True
BLK,1069.6300048828125,59.03973893533251,50.00857244002881,1.0,True
BRK-B,506.25,62.834532249346346,38.21152576059746,3.0,True
BSX,41.58000183105469,7.016062382643088,23.48933797701705,,False
BX,111.83000183105469,24.576259376793537,15.729066629374177,2.0,True
C,127.31999969482422,36.947546700914316,30.761283498732507,3.0,True
CAT,813.8300170898438,52.757751643358944,69.53265526566234,,False
CB,334.70001220703125,58.59772344005699,35.715814881479794,3.0,True
CCL,26.149999618530273,91.56486048062978,70.32290656280084,,False
CDNS,356.1199951171875,91.68588533393145,85.19899631719431,,False
CI,278.510009765625,68.41653507596385,45.61079267023545,,False
CINF,161.61000061035156,44.70207422662235,28.10584623076935,,False
CL,87.20999908447266,68.94597337120838,37.17149885282265,2.0,True
CME,270.2699890136719,72.51206416992284,41.887511261507335,2.0,True
CMG,30.770000457763672,20.552066273957173,22.451176484597436,,False
COP,129.83999633789062,69.01728120821745,42.38636310575743,,False
COR,317.25,77.62962074185201,50.06719136316379,,False
COST,942.25,89.03865395086247,70.52939521342259,,False
CPRT,26.6200008392334,12.98916948907841,14.459017238025432,,False
CRM,224.55999755859375,24.499015383291404,32.69233750571438,,False
CSCO,117.38999938964844,91.82198684088928,65.83309726950046,,False
CSX,46.810001373291016,66.58963903599388,52.602214812501394,,False
CTAS,197.19000244140625,50.55953149316567,44.16703236970173,0.0,True
CVX,205.14999389648438,57.06166207759097,50.96440656957545,,False
D,61.529998779296875,71.04283748848044,36.006545676026164,,False
DAL,82.97000122070312,48.76537884383665,65.53170196478024,,False
DE,656.8699951171875,34.613382470901,43.707064130887915,2.0,True
DELL,578.9600219726562,76.41981157077618,52.19809442306556,2.0,True
DHR,218.49000549316406,40.38194731744149,55.8915133231903,,False
DIS,104.75,54.88916949843309,40.21466678604618,1.0,True
DLR,180.47000122070312,61.62156613095184,41.145580195008996,2.0,True
DRI,201.49000549316406,39.42047905533118,26.200483388376632,3.0,True
DUK,115.5,70.22768617789055,34.90863533046382,,False
DXCM,84.30000305175781,22.78735793089667,32.60639980325114,,False
ED,104.63999938964844,71.6810366182543,39.21219102263448,,False
ELV,404.30999755859375,70.76776354503139,39.49573481215548,2.0,True
EMR,159.22000122070312,64.47261473378299,74.19937716386357,,False
EOG,144.2100067138672,73.70373869459218,47.82751078564852,,False
EPR,54.08000183105469,10.693448509522868,22.80348869776921,3.0,True
ES,65.23999786376953,70.98736655628718,36.533383770607415,,False
EW,85.77999877929688,38.16623733933324,39.389812616912664,1.0,True
EXC,41.4900016784668,77.07490185720363,40.2580984959504,,False
FAST,49.83000183105469,50.866729289913344,61.70939350109447,3.0,True
FCX,71.86000061035156,59.98174683001764,49.996912736993224,2.0,True
FDX,289.0400085449219,63.782870372342856,36.836330417447606,,False
GE,303.6199951171875,9.129070576129347,24.008377238817385,,False
GILD,146.85000610351562,28.150331157451713,37.42220671424703,,False
GIS,31.770000457763672,14.094650254049933,13.162581024498781,1.0,True
GOOGL,350.5,67.12539790162992,41.76674623308961,1.0,True
GS,887.2100219726562,23.458065961262868,18.239011178376465,1.0,True
GWW,1263.510009765625,54.02069024573609,48.24542281934182,,False
HAL,31.75,39.143778090484886,29.02377486173588,,False
HCA,439.1700134277344,63.283058619319704,50.44912703129495,0.0,True
HD,285.7699890136719,32.086410073054154,17.141355286059206,,False
HLT,320.5299987792969,71.6194559460742,66.69307890600875,1.0,True
HMC,31.670000076293945,25.19466869639384,29.27229684920238,,False
HON,208.11000061035156,35.12272035047366,67.54948682586037,,False
HUM,396.510009765625,63.56684267797917,46.8465809920801,3.0,True
IBM,220.50999450683594,14.117604210072454,17.189533289977277,,False
ICE,152.58999633789062,45.19585186908466,31.089525143420477,2.0,True
IDXX,506.6700134277344,29.14611448606405,50.98086908480784,,False
INTC,113.12000274658203,15.582256289325414,49.167821997718875,,False
INTU,297.239990234375,79.29300823131004,38.67171275310736,,False
IQV,258.1099853515625,17.874329681343276,35.61015481085506,,False
ISRG,414.5199890136719,72.72463166169331,68.0009818747703,0.0,True
ITW,261.1499938964844,39.16688334567997,44.59663873177093,1.0,True
JNJ,258.45001220703125,20.25513444797349,26.514231602886987,,False
JPM,329.5799865722656,30.981544077091343,23.729469022138286,2.0,True
KLAC,196.8300018310547,65.5085835876638,79.69442581090844,,False
KMB,96.4800033569336,38.014969355941155,29.284875439357833,1.0,True
KO,85.81999969482422,19.674985613115602,21.042235624962647,2.0,True
LIN,483.9800109863281,80.28037283506092,73.80911688448445,,False
LLY,1188.719970703125,43.83202295109467,41.57870557460523,0.0,True
LMT,499.2200012207031,13.261746281001331,19.313536043003328,1.0,True
LOW,181.5399932861328,20.524648542526723,14.94289868699737,1.0,True
LRCX,329.510009765625,67.6711772528123,79.64158374063548,,False
MA,570.0599975585938,77.70806175417391,47.885948048916944,2.0,True
MAR,356.5,65.70350663284545,75.64272911705427,,False
MCD,230.8800048828125,13.309704485422511,11.36984410477181,2.0,True
MCHP,78.0199966430664,63.84144969732367,75.31968005378519,,False
MCK,910.3300170898438,77.38468927821019,53.31002479130935,,False
MCO,449.6300048828125,27.45622926417916,23.51698521237579,1.0,True
MDLZ,59.380001068115234,42.22715808206453,25.595450976960283,2.0,True
MDT,85.51000213623047,19.405597701307315,23.252290816439274,2.0,True
MET,95.77999877929688,57.29029467312008,47.400492462807655,2.0,True
META,721.3099975585938,27.73984468871745,55.16165396543291,,False
MLM,479.010009765625,38.36945111379403,29.828669203057487,3.0,True
MO,69.37999725341797,63.71610349154388,42.737062356666804,1.0,True
MOD,189.44000244140625,51.01257370300648,46.45742833296652,0.0,True
MOH,194.82000732421875,77.12979850817646,44.57751559571723,3.0,True
MRK,142.7899932861328,24.29880264607231,28.828567750658824,,False
MS,189.7100067138672,41.15974166772997,24.95736355101982,3.0,True
MSFT,529.760009765625,84.65176513373976,72.48860853158433,,False
MTD,1533.47998046875,59.08316149945699,71.30449170006969,2.0,True
MU,1088.0,60.91874951174561,65.81042937164509,,False
NFLX,69.69999694824219,40.23300852200173,18.81548050436396,1.0,True
NKE,34.36000061035156,47.73945134864613,33.46144141452071,3.0,True
NOC,473.4599914550781,12.43046753418059,15.575731710648716,1.0,True
NOW,137.8699951171875,71.90884489008843,52.492109926938355,,False
NSC,313.20001220703125,68.08058807549247,48.42773900529047,,False
NVDA,237.47000122070312,78.52362647738963,75.69247357847182,,False
O,53.349998474121094,12.746484823602044,11.441451498679928,3.0,True
ODFL,175.61000061035156,44.85379056591461,52.19149279550936,,False
ORCL,143.55999755859375,69.17869284452846,41.84220381964935,,False
ORLY,84.61000061035156,38.79884523201709,46.72545448618628,,False
PANW,405.57000732421875,72.09655298641991,80.5760591423061,,False
PAYX,101.55000305175781,26.68954885219317,13.740652577080594,1.0,True
PCAR,106.86000061035156,11.634565582472451,12.28477786549192,2.0,True
PEG,71.73999786376953,85.03859313745723,45.33336656546623,,False
PEP,123.7300033569336,10.491038089884174,13.043626614324053,2.0,True
PFE,28.0,36.74140722655846,48.63887918261695,,False
PG,147.82000732421875,63.38823984347442,51.13415612684233,1.0,True
PGR,214.1199951171875,86.27139058344768,58.46169804541537,,False
PH,952.7899780273438,46.39552000560647,66.97809658440566,,False
PLD,127.30000305175781,8.735631408808272,19.425598866496962,,False
PLTR,194.1199951171875,82.0428804790396,73.08527167259668,0.0,True
PM,192.69000244140625,74.14279630148368,58.32203439102805,1.0,True
PNC,217.72000122070312,26.611551778768963,23.716333272472134,,False
PRU,112.36000061035156,24.18311001181057,29.488962128821868,,False
PSA,281.989990234375,28.10816896892038,21.36002000228119,1.0,True
PWR,701.0700073242188,84.80240681612824,80.25351285687937,,False
PYPL,54.95000076293945,73.33885903461311,51.98141792997406,2.0,True
QCOM,177.1199951171875,7.834711003381019,33.56198132863706,,False
REGN,742.1199951171875,18.60908111546815,22.037991223432282,,False
RMD,225.97999572753906,54.766527014419225,35.79577329067067,2.0,True
ROK,441.8999938964844,64.43927955892053,76.74384368530345,,False
ROP,358.57000732421875,51.48084990573679,32.63427486931859,,False
ROST,225.52999877929688,20.099627318269178,44.43854308507381,,False
RSG,216.17999267578125,75.23032036300876,36.6367133994176,3.0,True
RTX,180.25999450683594,5.560465080904248,11.142006511331559,,False
SBUX,93.58000183105469,43.45680581984602,40.16972613607486,,False
SCHW,95.58000183105469,12.749413491335016,12.664544780603814,0.0,True
SHW,315.0,23.45938646656108,41.77391565039591,,False
SLB,47.959999084472656,21.23253726883013,22.237528688764467,2.0,True
SNPS,502.6700134277344,92.19674894844096,80.54092766214337,,False
SO,85.44000244140625,78.79534412153937,41.52676514819141,,False
SPGI,395.17999267578125,41.63663945722995,23.913834631649337,2.0,True
SRE,79.69000244140625,80.63718684232371,42.84149774566411,,False
SYK,275.3999938964844,53.534621649158225,47.1264970223165,,False
T,24.469999313354492,21.929510904928428,16.536201447731965,1.0,True
TDG,1096.2099609375,42.922745398105974,38.47544465707371,1.0,True
TFC,45.58000183105469,26.260836816547062,23.6543751435129,,False
TJX,138.8000030517578,90.24951715000397,78.32855462817871,,False
TMO,662.0599975585938,34.121530336488796,57.435064273652195,,False
TMUS,167.64999389648438,66.61915295764045,35.7307116321928,3.0,True
TRV,360.6099853515625,47.08852589261018,33.43958710875735,2.0,True
TSLA,377.80999755859375,75.32337559486236,54.49266008132522,2.0,True
TT,467.2699890136719,83.14951845590755,82.1538633317148,,False
TXN,288.9800109863281,81.29626905321413,85.40528371092253,,False
UAL,110.16999816894531,34.17868976849391,43.54665857930786,,False
UBER,68.44999694824219,46.079621694827395,30.837212460012957,2.0,True
UNH,375.9800109863281,65.85829405903166,47.21758034688137,3.0,True
UNP,274.67999267578125,68.33583909795075,49.65942934637683,,False
UPS,92.29000091552734,22.405933360821514,22.620218901089938,,False
USB,56.16999816894531,21.53174324137508,25.61810780412926,,False
V,372.1000061035156,79.33629344240143,47.344852057400885,2.0,True
VMC,244.1300048828125,58.07947448197587,41.90434654511719,,False
VRSK,168.67999267578125,36.85354348333385,21.555695991978403,1.0,True
VRTX,505.6400146484375,25.501840437252433,41.17968747580421,,False
WEC,103.18000030517578,77.66155382232729,43.04581605347447,,False
WELL,221.1199951171875,9.668046844949012,22.01288357726538,,False
WM,208.94000244140625,69.41019680179201,33.735956683492105,3.0,True
WMT,108.16000366210938,46.88233325161982,34.54372758806845,1.0,True
XEL,72.41999816894531,84.53147379699428,49.27704283555227,,False
XOM,164.0500030517578,72.49973354321975,67.04312100779813,,False
YUM,140.35000610351562,67.93898563843544,39.270946886316565,1.0,True
ZTS,71.55000305175781,60.64696044119514,33.4637897420386,2.0,True
