Date,Net_Account_Value
2026-06-01,1000.0
2026-06-02,991.8634948730469
2026-06-03,976.4543533325195
2026-06-04,981.7100868225098
2026-06-05,981.5310096740723
2026-06-08,978.4253234863281
2026-06-09,983.9490585327148
2026-06-10,978.1670756510448
2026-06-11,987.3569865397167
2026-06-12,1004.2461785950444
2026-06-15,1005.7353696503422
2026-06-16,1010.7544107117436
2026-06-17,1013.9917211212895
2026-06-18,1014.354413000562
2026-06-22,1027.1844529785894
2026-06-23,1025.4034928955816
2026-06-24,1024.8996705689215
2026-06-25,1025.18371292732
2026-06-26,1014.4902543701909
2026-06-29,1019.1143762810151
2026-06-30,1021.8109094841401
2026-07-01,1016.6667597038667
2026-07-02,981.7161218864838
2026-07-06,990.9212381584565
2026-07-07,989.0651743156831
2026-07-08,978.5848734123628
2026-07-09,980.6973383171479
2026-07-10,980.6587717277924
2026-07-13,976.2942392570893
2026-07-14,976.5119440300385
2026-07-15,991.454937194101
2026-07-16,999.4663431389253
2026-07-17,997.5689813835542
2026-07-20,994.3470422966401
2026-07-21,1003.1128580315034
2026-07-22,1008.5696985466401
2026-07-23,1008.9462015373628
2026-07-24,1022.6118433220307
2026-07-27,1015.0045511467378
2026-07-28,1012.6298105461518
2026-07-29,1019.8292734367768
2026-07-30,1016.1841623527924
2026-07-31,1014.1058084709565
2026-08-03,1041.1914102775972
2026-08-04,1042.2465860588472
2026-08-05,1045.2765848381441
2026-08-06,1037.2765848381441
2026-08-07,1041.091968749277
2026-08-10,1031.2773935539644
2026-08-11,1036.7603342277926
2026-08-12,1021.0211374504487
2026-08-13,1013.7438242180268
2026-08-14,1020.0045664055268
2026-08-17,1023.9645578606049
2026-08-18,996.7645761711518
2026-08-19,960.8245737297456
2026-08-20,960.8245737297456
2026-08-21,966.1345712883393
2026-08-24,977.5045664055268
2026-08-25,979.2345773918549
2026-08-26,978.9945566399018
2026-08-27,974.7545664055268
2026-08-28,976.6945688469331
2026-08-31,971.6145517570893
2026-09-01,973.1945688469331
2026-09-02,980.1845285637299
2026-09-03,983.0645334465424
2026-09-04,970.624557708017
2026-09-08,961.4545519096772
2026-09-09,964.3945390922944
2026-09-10,963.6745569450776
2026-09-11,974.7445413811128
2026-09-14,960.8345415337006
2026-09-15,959.5345384819428
2026-09-16,968.774559233896
2026-09-17,988.8645555717866
2026-09-18,987.5945512993256
2026-09-21,1016.8045580131928
2026-09-22,1021.7345506889741
2026-09-23,1016.4645464165131
2026-09-24,1026.4545519096773
2026-09-25,1023.8845560295503
