Date,Ticker,Action,Price,Shares
2026-06-01,NVDA,BUY,223.8483428955078,1
2026-06-01,BA,BUY,224.3000030517578,1
2026-06-02,BAC,BUY,51.94371795654297,3
2026-06-03,NVDA,FULL_EXIT (d1_9 < 0),214.26025390625,1
2026-06-03,BA,FULL_EXIT (d1_9 < 0),210.5800018310547,1
2026-06-05,JPM,BUY,310.9691162109375,2
2026-06-09,PG,BUY,147.5684051513672,1
2026-06-10,BAC,PARTIAL_EXIT (Resistance Hit),54.83387710368158,1
2026-06-12,JPM,PARTIAL_EXIT (Resistance Hit),318.8038038717339,1
2026-06-12,INTC,BUY,124.56999969482422,1
2026-06-12,PFE,BUY,25.759366989135742,5
2026-06-18,PFE,FULL_EXIT (d1_9 < 0),24.776559829711914,5
2026-06-26,PG,FULL_EXIT (d1_9 < 0),147.9158172607422,1
2026-06-26,KO,BUY,82.13985443115234,2
2026-06-29,KO,PARTIAL_EXIT (Resistance Hit),83.0055916373867,1
2026-06-30,JPM,FULL_EXIT (d1_9 < 0),325.86199951171875,1
2026-06-30,TSLA,BUY,420.6000061035156,1
2026-07-02,INTC,FULL_EXIT (d1_9 < 0),120.3499984741211,1
2026-07-02,TSLA,FULL_EXIT (d1_9 < 0),393.45001220703125,1
2026-07-02,BA,BUY,226.49000549316406,1
2026-07-08,AAPL,BUY,313.1199645996094,1
2026-07-15,BA,FULL_EXIT (d1_9 < 0),218.1199951171875,1
2026-07-16,XOM,BUY,145.0110321044922,1
2026-07-17,KO,FULL_EXIT (d1_9 < 0),81.07620239257812,1
2026-07-17,CVX,BUY,185.75885009765625,2
2026-07-29,BAC,FULL_EXIT (d1_9 < 0),60.7599983215332,2
2026-07-30,AAPL,FULL_EXIT (d1_9 < 0),333.1426696777344,1
2026-07-30,BA,BUY,220.89999389648438,2
2026-08-04,XOM,FULL_EXIT (d1_9 < 0),152.96951293945312,1
2026-08-04,CVX,FULL_EXIT (d1_9 < 0),188.75271606445312,2
2026-08-04,BA,PARTIAL_EXIT (Resistance Hit),237.47999572753906,1
2026-08-06,GE,BUY,374.54998779296875,1
2026-08-06,HD,BUY,346.963134765625,1
2026-08-14,BA,FULL_EXIT (d1_9 < 0),231.6699981689453,1
2026-08-14,GE,FULL_EXIT (d1_9 < 0),368.3800048828125,1
2026-08-14,HD,FULL_EXIT (d1_9 < 0),336.381103515625,1
2026-08-14,INTC,BUY,102.5,4
2026-08-18,INTC,FULL_EXIT (d1_9 < 0),96.69000244140625,4
2026-08-18,AMD,BUY,484.3900146484375,2
2026-08-19,AMD,FULL_EXIT (d1_9 < 0),466.4200134277344,2
2026-08-20,V,BUY,365.7300109863281,1
2026-08-28,AAPL,BUY,319.70001220703125,1
2026-09-01,PG,BUY,146.2100067138672,1
2026-09-03,BAC,BUY,62.71999740600586,1
2026-09-04,V,FULL_EXIT (d1_9 < 0),375.07000732421875,1
2026-09-04,PG,FULL_EXIT (d1_9 < 0),146.44000244140625,1
2026-09-04,JPM,BUY,358.6400146484375,1
2026-09-08,JPM,FULL_EXIT (d1_9 < 0),353.510009765625,1
2026-09-08,INTC,BUY,104.47000122070312,2
2026-09-14,BAC,FULL_EXIT (d1_9 < 0),59.470001220703125,1
2026-09-14,PG,BUY,146.1300048828125,1
2026-09-16,PG,FULL_EXIT (d1_9 < 0),147.02000427246094,1
2026-09-22,JNJ,BUY,269.19000244140625,1
2026-09-24,PFE,BUY,28.40999984741211,2
