Ticker,Close_Price,Risk_Adj_Score,SMA20_Slope_%,SMA9_Slope_%,Stretch_vs_SMA20_%,50d_Resistance,Passed_Scan,Rejection_Reason
AMAT,511.3800048828125,0.9581473060299747,0.7628169106963648,2.2211878041167727,11.358027355302202,575.8741699601605,False,Overbought (above SMA20 threshold)
TXN,280.0899963378906,0.9140826485352413,0.5043021139622791,0.8965030824448698,5.077551315742124,296.07406821669724,False,No Recent SMA20 Crossover
CDNS,330.19000244140625,0.8861144458295944,0.28761452146075495,1.784733969605444,10.43162266509392,355.5899963378906,False,Overbought (above SMA20 threshold)
MAR,355.6700134277344,0.8441853563963854,0.30985771083690694,0.6903410679568442,4.040276975286128,383.45076950555966,True,None (Passed)
LRCX,328.510009765625,0.7923201637013413,0.648073386297487,2.1730788530348453,9.548920680749973,344.9136025467937,True,None (Passed)
ADI,396.7099914550781,0.780816109623591,0.5664212823975088,0.9824536446988991,5.920531406934582,405.3800048828125,False,No Recent SMA20 Crossover
AMD,611.760009765625,0.746656049497586,1.4034400513995635,1.2268727338937693,11.29617304659256,639.0,False,No Recent SMA20 Crossover; Overbought (above SMA20 threshold)
KLAC,194.92999267578125,0.7341455516429302,0.6672734289089184,1.5568285600516405,7.495391462917955,220.75049558101085,False,No Recent SMA20 Crossover
ROK,435.3299865722656,0.7227640700181586,0.20938230751055886,0.6582527339430172,2.2022533355010587,487.8472517430222,False,Low Volume/Price; No Recent SMA20 Crossover
AME,247.72999572753906,0.6883419566436652,0.34963371598994936,0.6078925618788611,3.0812148823341046,260.77996651447484,False,No Recent SMA20 Crossover
SNPS,434.94000244140625,0.6634538502844952,0.25081020993076625,1.463662640529365,8.165508859606053,464.9800109863281,False,Below 200 SMA
ISRG,406.6300048828125,0.6500090582950114,0.4880762786763093,0.6395093480528125,5.6728041444096045,416.510009765625,False,Below 200 SMA; No Recent SMA20 Crossover
MCHP,77.7699966430664,0.6465694641725015,0.43073916454220507,1.0215325882015867,4.889772100693857,85.45585351196826,False,Below 200 SMA; No Recent SMA20 Crossover
TMO,675.0499877929688,0.6303226379256083,0.5875688208907742,0.2786495629499773,5.138430928444948,682.97998046875,False,No Recent SMA20 Crossover
TT,451.9800109863281,0.6201328959581278,0.14667253514960155,0.7232480373197995,2.88354953807064,492.54554293052917,True,None (Passed)
MTD,1510.949951171875,0.6135783937298407,0.4828021759038961,0.7540316886941377,7.561286904020692,1552.8199462890625,False,Low Volume/Price; No Recent SMA20 Crossover
HLT,318.1199951171875,0.5860154101148063,0.09890678040378884,0.5562651841790457,2.5550080243370354,335.6471570705618,True,None (Passed)
EMR,155.10000610351562,0.578843654845948,0.2463200782884324,0.5544283817213741,2.035785594848072,165.78776809180027,True,None (Passed)
DAL,83.45999908447266,0.5745338265686719,0.43983908579067554,0.5417975773190412,3.2435223290456117,95.01000213623047,True,None (Passed)
DHR,221.5500030517578,0.5720516472435423,0.35309325409458037,0.4758195294655427,4.033270266727729,227.9759867188133,False,No Recent SMA20 Crossover
INTC,120.2300033569336,0.5342038607207497,1.4581380985565167,1.0702347707411644,10.551749781312015,127.44000244140625,False,No Recent SMA20 Crossover; Overbought (above SMA20 threshold)
MU,1065.1099853515625,0.503267630205778,0.654738377421147,0.923457527475321,5.237675333840031,1108.719970703125,False,No Recent SMA20 Crossover
META,725.1799926757812,0.4836994672595591,1.088418114850657,0.6624542027233254,6.161870438045747,779.8200073242188,False,No Recent SMA20 Crossover
CCL,24.540000915527344,0.4294933595478745,0.28868008784858296,1.1750710659714498,7.8444332766828495,30.062548855121573,False,Below 200 SMA
APH,84.30000305175781,0.41669081859834406,0.17473111450647286,0.8205974762895906,3.6832822672654864,88.02846896424812,False,No Recent SMA20 Crossover
NVDA,228.3800048828125,0.4093597690624578,0.25122944627634153,0.4455203314419833,2.355091164796108,234.49759976142684,True,None (Passed)
PFE,28.520000457763672,0.38764393860447305,-0.005336246953124436,0.34690782294607553,1.4693869338542775,29.209999084472656,False,No Recent SMA20 Crossover
PWR,642.510009765625,0.33874697767407547,0.24661612155903898,0.4506988133863626,1.5832528005941482,724.7999877929688,False,Low Volume/Price; No Recent SMA20 Crossover
AMGN,421.510009765625,0.33571594180095515,-0.20563504073746874,1.1472672620195659,4.582673880543386,447.0299987792969,False,No Recent SMA20 Crossover
LIN,474.6499938964844,0.3299160179257179,-0.11210066519781411,0.38550901180008695,1.3447130300922927,520.2865976619229,False,Below 200 SMA; No Recent SMA20 Crossover
PH,955.4199829101562,0.3131265375289789,0.017482507062640675,0.3480706534986505,0.3029271746817219,1097.7290924998197,False,Low Volume/Price
MSFT,512.9000244140625,0.29636495939766466,0.11882209901370713,0.3348804398256026,2.4770156072212446,519.4000244140625,True,None (Passed)
TJX,132.30999755859375,0.29532505802333303,-0.03717167054081064,0.49110255129276076,2.499543352511835,162.52718135503895,False,Below 200 SMA; No Recent SMA20 Crossover
PLTR,187.0500030517578,0.2852695126637874,0.19972953641018026,0.6471269957909945,4.586019132781738,194.67999267578125,False,No Recent SMA20 Crossover
AAL,13.369999885559082,0.2683062657553387,0.15956237210996913,0.35601946193613715,1.4261862247619828,17.110000610351562,False,Below 200 SMA
UAL,110.94999694824219,0.26809120537928927,0.2882054514036344,0.32902233094750444,0.9003247564604022,135.3699951171875,True,None (Passed)
PANW,397.30999755859375,0.2668540069054877,0.4861216710747029,0.6499329633613823,9.146300480992053,398.8800048828125,True,None (Passed)
ROST,233.39999389648438,0.24809519586760947,0.09984331026682565,0.18694789458630967,1.170068419737924,256.5042565450617,True,None (Passed)
ANET,203.58999633789062,0.2445929149878167,0.3629438176955759,0.22149105913692071,2.755764805061922,214.88999938964844,False,No Recent SMA20 Crossover
HON,210.94000244140625,0.23223804413344692,0.023114200329383692,0.23546950456153085,1.553097133088488,251.2461324482639,False,Below 200 SMA
CAT,810.7899780273438,0.23033375781670185,0.19627800876762486,0.16699629498135884,0.42900568186672317,935.0,True,None (Passed)
FAST,49.529998779296875,0.1456320516634008,0.07875513973174338,0.07768766554246302,-0.05952673469153957,52.91999816894531,True,None (Passed)
IQV,268.8500061035156,0.10959861007907762,0.19699664624064625,-0.024289280671678563,0.6827051982192467,277.3999938964844,False,SMA9 Slope Down; No Recent SMA20 Crossover
PM,190.82000732421875,0.09748352357317758,0.09675677383103813,0.019799311942153022,0.5188759946777699,207.75999450683594,True,None (Passed)
IDXX,522.1900024414062,0.08399193688395612,-0.22083494951726196,0.33625117895462264,0.6296698941051115,624.1500244140625,False,Low Volume/Price; Below 200 SMA; No Recent SMA20 Crossover
MOD,187.1999969482422,0.07529630522272295,0.1679629278008143,0.13651855743557625,-0.19087560809488702,255.8000030517578,False,Below 200 SMA
QCOM,184.0399932861328,0.06465885985555299,0.5011213985344564,-0.27088559020255426,0.11695499649180263,205.85000610351562,False,SMA9 Slope Down; No Recent SMA20 Crossover
HCA,426.739990234375,0.05536721167697642,0.16465836051363988,-0.05926904587555437,0.7828830536897646,446.3599853515625,False,Low Volume/Price; Below 200 SMA; SMA9 Slope Down
COST,910.3400268554688,0.03529888755223948,-0.1627283613804611,0.2011381163710409,0.18880554725426713,987.5499877929688,False,Below 200 SMA; No Recent SMA20 Crossover
LLY,1157.0799560546875,0.025636518306702646,-0.012665984641778889,0.04408083333105808,0.3917319941667108,1292.6500244140625,True,None (Passed)
GOOGL,344.0799865722656,0.019565917674312816,0.13559138320306455,-0.10447540492338316,0.4637528297277038,384.2330278418686,False,SMA9 Slope Down
DELL,537.9500122070312,0.008024192707321175,1.050277666172249,-1.006494059189673,-0.9961110374173132,595.510009765625,False,SMA9 Slope Down; No Recent SMA20 Crossover
AAPL,333.0199890136719,-0.008337938355730516,0.11919899551198986,-0.13119459165669703,0.503086035108069,345.3399963378906,False,SMA9 Slope Down; No Recent SMA20 Crossover
SHW,323.2699890136719,-0.016792685291335954,-0.10254320317155588,0.07950761491942512,-0.6495448150732663,371.3017999836479,False,Below 200 SMA; No Recent SMA20 Crossover
PYPL,52.529998779296875,-0.026745483413201737,0.024202903821807682,-0.08556280597664363,-1.8878427896350303,62.57543662960658,False,SMA9 Slope Down
AVGO,351.19000244140625,-0.055129450095943305,-0.25033256974857687,0.14157025360647937,-1.0723334642778748,431.9434737455699,False,Below 200 SMA; No Recent SMA20 Crossover
ORLY,85.41000366210938,-0.055883814604170155,-0.14778658644228854,0.06760853328048419,-0.46324248292251013,94.12000274658203,False,Below 200 SMA; No Recent SMA20 Crossover
XOM,162.75,-0.0581535954559811,-0.05528502560149173,-0.03582160088047593,0.028886127352234503,169.63999938964844,False,SMA9 Slope Down; No Recent SMA20 Crossover
ABBV,261.5899963378906,-0.06606375681424784,0.030655627865215022,-0.10202423012042076,0.20896769021114814,269.3900146484375,False,SMA9 Slope Down; No Recent SMA20 Crossover
VRTX,522.8099975585938,-0.08076999081134759,-0.23644557783052805,0.1385521700797006,-0.23433529117159457,560.25,False,Low Volume/Price; No Recent SMA20 Crossover
DIS,104.9000015258789,-0.08207321409644998,-0.06248460118350525,-0.04775820908287075,-0.6252352429776842,111.87000274658203,False,SMA9 Slope Down; No Recent SMA20 Crossover
GILD,149.0500030517578,-0.11132589169373523,-0.0010195684207941916,-0.13532270480130232,0.19506676276968005,154.1999969482422,False,SMA9 Slope Down; No Recent SMA20 Crossover
FCX,70.0,-0.12442854157567083,-0.1711238200146903,-0.1310472187909368,-2.8405266249232897,80.23999786376953,False,SMA9 Slope Down; No Recent SMA20 Crossover
HUM,381.57000732421875,-0.13756319027546016,-0.16940822483375242,-0.08548565455826129,-2.703527223448632,419.9700012207031,False,SMA9 Slope Down
TSLA,354.80999755859375,-0.14236078255229936,-0.01751676123264985,-0.342543441496957,-2.8716122302992364,386.8299865722656,False,Below 200 SMA; SMA9 Slope Down; No Recent SMA20 Crossover
DE,671.5499877929688,-0.1494705668532606,-0.021319728343620448,-0.2005245347020978,-1.9335158762544657,719.5030580224836,False,SMA9 Slope Down; No Recent SMA20 Crossover
AMZN,249.14999389648438,-0.15058318571490545,-0.11419555065543711,-0.09028703767003642,-1.2674956117342373,287.20001220703125,False,SMA9 Slope Down; No Recent SMA20 Crossover
BLK,1058.2900390625,-0.16964083681049036,-0.29691142851982133,0.044915446595817116,-1.5916645105287786,1181.1087914329814,False,Low Volume/Price; No Recent SMA20 Crossover
AZO,2830.02001953125,-0.17502038416221663,-0.23451355199829424,-0.055464926034039394,-2.0340426268080747,3172.070068359375,False,Low Volume/Price; Below 200 SMA; SMA9 Slope Down; No Recent SMA20 Crossover
PG,145.27999877929688,-0.18990188935047492,-0.0317584441969278,-0.17133530130855057,-0.7463846190364332,153.67999267578125,False,Below 200 SMA; SMA9 Slope Down; No Recent SMA20 Crossover
ACN,183.3699951171875,-0.19568516520274978,-0.12824940311041183,-0.4245293488164423,-0.22336613013420603,197.6300048828125,False,Below 200 SMA; SMA9 Slope Down; No Recent SMA20 Crossover
BSX,43.650001525878906,-0.20088757899477516,-0.4939841365694586,0.025206001249388706,-2.169523803807738,52.9900016784668,False,Below 200 SMA; No Recent SMA20 Crossover
AIG,74.41999816894531,-0.20204391493407192,-0.06396505657578477,-0.18712439876525094,-0.8325075075620858,80.5067069000989,False,Below 200 SMA; SMA9 Slope Down; No Recent SMA20 Crossover
CSCO,107.62999725341797,-0.20378502896600162,-0.09703472195194815,-0.2686761382221775,-0.9100679227435071,124.70999908447266,False,SMA9 Slope Down; No Recent SMA20 Crossover
ICE,152.02999877929688,-0.2049687896680681,-0.22538424334854,-0.09138299256566901,-2.450590833577393,164.11428519266852,False,Below 200 SMA; SMA9 Slope Down; No Recent SMA20 Crossover
VMC,244.6300048828125,-0.20786936712583204,-0.30111262961200397,0.005910924982967188,-1.880917593150444,300.0724646966342,False,Below 200 SMA; No Recent SMA20 Crossover
NOW,134.00999450683594,-0.21196471998634625,-0.3240090911740611,-0.36432308388108875,-1.9986432763510198,149.60000610351562,False,SMA9 Slope Down; No Recent SMA20 Crossover
GE,312.2900085449219,-0.21353481789333859,-0.29167119691843363,-0.041132355689028004,-2.8164801313391608,388.8399963378906,False,Below 200 SMA; SMA9 Slope Down; No Recent SMA20 Crossover
BDX,179.0,-0.21464567359811096,-0.19279014018031448,-0.1453535725465764,-1.5344036541310335,191.93810700131104,False,SMA9 Slope Down; No Recent SMA20 Crossover
TDG,1082.5999755859375,-0.2158676319066997,-0.3271383090249494,0.06643177575377739,-2.8643644635881316,1359.27001953125,False,Low Volume/Price; Below 200 SMA; No Recent SMA20 Crossover
MRK,145.30999755859375,-0.2174300777018351,-0.12435305081962147,-0.1375965684041558,-1.42103325904398,155.9991645592082,False,SMA9 Slope Down
CTAS,195.05999755859375,-0.22182221306840386,-0.13897716672267618,-0.1629987816965633,-1.8205447082067505,218.60213814681236,False,SMA9 Slope Down; No Recent SMA20 Crossover
HMC,31.600000381469727,-0.22332409820810126,-0.06666435150304946,-0.31900607200673836,-1.9531780899670115,33.45000076293945,False,Low Volume/Price; SMA9 Slope Down; No Recent SMA20 Crossover
CI,271.8299865722656,-0.22533229919707098,-0.17399735677202277,-0.17004083628190048,-1.975735879554319,303.00760524203844,False,Below 200 SMA; SMA9 Slope Down
C,129.47999572753906,-0.2655210140704945,-0.1136569548591573,-0.27004144638285,-3.7054972743039483,141.27000427246094,False,SMA9 Slope Down
WMT,103.91999816894531,-0.2718998764024612,-0.09303580420874451,-0.29505224622570086,-3.227160580407751,116.59088514655902,False,Below 200 SMA; SMA9 Slope Down; No Recent SMA20 Crossover
YUM,136.33999633789062,-0.27535585700308746,-0.5232830690315572,0.04737442334939125,-3.908434466750288,165.3264867280592,False,Below 200 SMA; No Recent SMA20 Crossover
EW,86.31999969482422,-0.2918821711183624,-0.25211032264654154,-0.24511675343635184,-1.2797495910540135,93.91000366210938,False,SMA9 Slope Down; No Recent SMA20 Crossover
DXCM,86.29000091552734,-0.29412495321517756,-0.22088598168414467,-0.20730096369133127,-0.766473982044058,92.58999633789062,False,SMA9 Slope Down; No Recent SMA20 Crossover
MET,94.16000366210938,-0.2946957836515168,-0.013428636008702428,-0.3666155079625072,-2.720234280968714,100.93000030517578,False,SMA9 Slope Down
ODFL,173.83999633789062,-0.3062297728766375,-0.35842364829129036,-0.0790628832413278,-2.8997712129823494,236.78222986370847,False,Below 200 SMA; SMA9 Slope Down; No Recent SMA20 Crossover
WELL,230.24000549316406,-0.31218520696093977,-0.2171852254902809,-0.09688243290931822,-1.5449846204013906,254.2402273882886,False,SMA9 Slope Down; No Recent SMA20 Crossover
GWW,1245.760009765625,-0.3205697957946948,-0.24853698547762762,-0.14815509846198632,-2.1626138837516407,1415.4357716473328,False,Low Volume/Price; SMA9 Slope Down; No Recent SMA20 Crossover
ORCL,137.3000030517578,-0.3616348551850087,-0.13659035073875106,-1.0321924128874713,-6.569718366682354,170.6999969482422,False,Below 200 SMA; SMA9 Slope Down; No Recent SMA20 Crossover
TMUS,163.0800018310547,-0.37067805546338517,-0.5474374541587366,-0.22645077435345906,-5.904073952510814,193.98044652117562,False,Below 200 SMA; SMA9 Slope Down; No Recent SMA20 Crossover
KMB,97.43000030517578,-0.37252398265039643,-0.418310107368438,-0.08599157492333365,-2.325525489869096,114.100838398223,False,Below 200 SMA; SMA9 Slope Down; No Recent SMA20 Crossover
JNJ,264.739990234375,-0.37753654553330135,-0.11947896511861665,-0.22556497891571523,-1.8026742454098743,281.07000732421875,False,SMA9 Slope Down; No Recent SMA20 Crossover
SYK,275.3900146484375,-0.37884085775471804,-0.7267728505124224,-0.15633529788553385,-1.672301362598927,351.37726364846856,False,Below 200 SMA; SMA9 Slope Down; No Recent SMA20 Crossover
BRK-B,497.95001220703125,-0.3847827967378226,-0.04314863083931657,-0.24737561840968758,-1.8481191091099691,537.739990234375,False,SMA9 Slope Down; No Recent SMA20 Crossover
MLM,479.80999755859375,-0.38994694440417077,-0.25144236985377105,-0.3318364367186395,-3.6649919131917064,587.0477525173548,False,Below 200 SMA; SMA9 Slope Down; No Recent SMA20 Crossover
PRU,113.58000183105469,-0.39517225147055857,-0.15007156215843265,-0.4105863844982681,-4.096863214463731,126.26236789364616,False,SMA9 Slope Down; No Recent SMA20 Crossover
EPR,56.130001068115234,-0.40051843981848984,-0.2507987303845741,-0.14090572677965496,-2.946525149995427,63.970135959841485,False,Low Volume/Price; SMA9 Slope Down; No Recent SMA20 Crossover
CVX,204.2100067138672,-0.4101049659698082,-0.16331667573628533,-0.3970823435396553,-2.323175397016841,217.77999877929688,False,SMA9 Slope Down; No Recent SMA20 Crossover
DLR,175.52999877929688,-0.4137776268085539,-0.17752062603062457,-0.5345462704875124,-3.831869227645923,206.0570738488392,False,Below 200 SMA; SMA9 Slope Down; No Recent SMA20 Crossover
MCO,454.1300048828125,-0.4236026408242304,-0.4279316350148727,-0.18488742053734303,-3.808840835967764,520.6699829101562,False,Low Volume/Price; Below 200 SMA; SMA9 Slope Down; No Recent SMA20 Crossover
AXP,304.1000061035156,-0.4270387871314414,-0.3169909105170417,-0.2552690183076681,-3.7297195725356613,354.8699951171875,False,Below 200 SMA; SMA9 Slope Down; No Recent SMA20 Crossover
USB,57.7599983215332,-0.4280099037271635,-0.23865977750211573,-0.36535258463292564,-4.0913532726771,65.46625489000401,False,SMA9 Slope Down; No Recent SMA20 Crossover
KO,86.08000183105469,-0.4284150222038386,-0.07959354079514186,-0.2506133398448025,-1.9047655191157364,91.94137006110614,False,SMA9 Slope Down; No Recent SMA20 Crossover
ADSK,209.0,-0.4527103489414413,-0.8821752883913788,-0.5014747445540162,-3.843056417616686,271.7200012207031,False,Below 200 SMA; SMA9 Slope Down; No Recent SMA20 Crossover
MCK,853.8099975585938,-0.45865631369270354,-0.2980066985282249,-0.32733860687382,-3.624807185170531,929.9500122070312,False,Low Volume/Price; SMA9 Slope Down; No Recent SMA20 Crossover
REGN,758.27001953125,-0.4707646182004789,-0.4110433537217788,-0.4413297735273186,-4.510039517606879,859.3400268554688,False,Low Volume/Price; SMA9 Slope Down; No Recent SMA20 Crossover
V,359.3299865722656,-0.47080253634132946,-0.18024335173942865,-0.32114320958072107,-2.7231495395608096,385.57000732421875,False,SMA9 Slope Down; No Recent SMA20 Crossover
ITW,257.2799987792969,-0.47908306655958127,-0.20292715853864066,-0.3515542741318631,-3.6720598789272363,299.97556773168367,False,Below 200 SMA; SMA9 Slope Down; No Recent SMA20 Crossover
SPGI,394.4700012207031,-0.48323213354038397,-0.5517230229449736,-0.2664627864987543,-4.308854466173995,454.9200134277344,False,Below 200 SMA; SMA9 Slope Down; No Recent SMA20 Crossover
RMD,221.10000610351562,-0.48951633770105896,-0.22853770158490325,-0.3641587777604646,-1.2759098734436036,242.39999389648438,False,Low Volume/Price; Below 200 SMA; SMA9 Slope Down; No Recent SMA20 Crossover
MO,67.33999633789062,-0.49034542606314324,-0.08276643588970486,-0.3800996425566701,-1.8243353293024178,75.84860658662672,False,SMA9 Slope Down; No Recent SMA20 Crossover
NKE,35.400001525878906,-0.4966318237617674,-0.3697959908140315,-0.29621373548098584,-3.3869115883962353,43.23139852553566,False,Below 200 SMA; SMA9 Slope Down; No Recent SMA20 Crossover
BA,186.0500030517578,-0.4995600791883414,-0.48389287410200355,-0.6218268099960279,-7.734802083315406,241.08999633789062,False,Below 200 SMA; SMA9 Slope Down; No Recent SMA20 Crossover
UNH,367.0799865722656,-0.5007281291598729,-0.35030211087415913,-0.24065515249625793,-3.68167251183944,434.32561195838645,False,SMA9 Slope Down; No Recent SMA20 Crossover
ELV,388.82000732421875,-0.5132521028575713,-0.15349521636782162,-0.7033123228094834,-4.157943621289206,427.1700134277344,False,Low Volume/Price; SMA9 Slope Down
T,24.399999618530273,-0.5207304078889087,-0.3124268501145891,-0.43641162784979787,-4.411189815042205,26.93000030517578,False,Below 200 SMA; SMA9 Slope Down; No Recent SMA20 Crossover
AEM,183.27000427246094,-0.523548098488401,-0.2580237362039587,-1.0308685962676165,-6.947340900562482,223.93274744913757,False,Below 200 SMA; SMA9 Slope Down; No Recent SMA20 Crossover
IBM,219.92999267578125,-0.5263656810125291,-0.24542164090429877,-0.866479014078934,-5.6523668949158505,251.82000732421875,False,Below 200 SMA; SMA9 Slope Down; No Recent SMA20 Crossover
EOG,137.75999450683594,-0.5267349529253595,-0.36532397799236727,-0.6042609062269094,-4.6052790767996505,154.16000366210938,False,SMA9 Slope Down; No Recent SMA20 Crossover
VRSK,167.85000610351562,-0.5307147295520247,-0.7322337636980111,-0.56067290781224,-4.688206687741769,225.475595010438,False,Below 200 SMA; SMA9 Slope Down; No Recent SMA20 Crossover
TFC,46.29999923706055,-0.5363386194782447,-0.3193035702434252,-0.5006407083616902,-5.534304398099399,53.529998779296875,False,Below 200 SMA; SMA9 Slope Down; No Recent SMA20 Crossover
CSX,46.5099983215332,-0.5401159793007552,-0.22841791374856313,-0.3292364122473494,-2.7577448148502826,53.453661916968564,False,SMA9 Slope Down; No Recent SMA20 Crossover
CRM,229.57000732421875,-0.546227847489057,-0.5736319204827343,-0.628528906846179,-5.686001768703253,267.7988593124239,False,SMA9 Slope Down; No Recent SMA20 Crossover
MA,551.469970703125,-0.5537807831303921,-0.2598541957485703,-0.28070885028136067,-3.020514412719155,601.22998046875,False,SMA9 Slope Down; No Recent SMA20 Crossover
COP,125.1500015258789,-0.558885855872264,-0.41600884044839775,-0.6966890742902566,-5.288050243291154,141.6199951171875,False,SMA9 Slope Down; No Recent SMA20 Crossover
UBER,68.51000213623047,-0.5698566780436088,-0.4690677014487167,-0.37586809454013953,-4.049631737717108,82.36499786376953,False,Below 200 SMA; SMA9 Slope Down; No Recent SMA20 Crossover
PGR,207.30999755859375,-0.5732036289272118,-0.30853462898844924,-0.47772541422201514,-3.0078752039669587,225.4499969482422,False,Below 200 SMA; SMA9 Slope Down; No Recent SMA20 Crossover
AEP,118.63999938964844,-0.5764583284669244,-0.1777850813659635,-0.2775349118839271,-2.175974983230511,135.5381005145611,False,Below 200 SMA; SMA9 Slope Down; No Recent SMA20 Crossover
CME,261.9800109863281,-0.5807315470239701,-0.42271938334642567,-0.3788388158229124,-3.842196897331396,288.54546477355194,False,Below 200 SMA; SMA9 Slope Down; No Recent SMA20 Crossover
COR,300.25,-0.5867529508282838,-0.4812301602745591,-0.3283637980539983,-5.47653742749209,338.7099914550781,False,Below 200 SMA; SMA9 Slope Down; No Recent SMA20 Crossover
BKNG,162.91000366210938,-0.5882574583299015,-0.92968051085245,-0.5160617011655693,-5.36524168884619,216.79643346375497,False,Below 200 SMA; SMA9 Slope Down; No Recent SMA20 Crossover
MOH,189.10000610351562,-0.5964507225102527,-0.3511912188322381,-0.9150575588948124,-4.520986555356155,233.27000427246094,False,Low Volume/Price; SMA9 Slope Down; No Recent SMA20 Crossover
PNC,222.25999450683594,-0.5991753161402893,-0.32395593850780735,-0.47683790773010487,-5.139320676677572,258.9599914550781,False,Below 200 SMA; SMA9 Slope Down; No Recent SMA20 Crossover
GS,900.3599853515625,-0.6300573651126383,-0.5232747765510499,-0.6062890559419049,-7.316259092455124,1101.2665073680523,False,Below 200 SMA; SMA9 Slope Down; No Recent SMA20 Crossover
DRI,193.25,-0.6382700613883606,-0.5312258329628922,-0.727741866741878,-7.478557368997452,229.75999450683594,False,Below 200 SMA; SMA9 Slope Down; No Recent SMA20 Crossover
CL,85.31999969482422,-0.6420466687044627,-0.24622366784167438,-0.3094509055811243,-2.2753176120579366,95.45999908447266,False,Below 200 SMA; SMA9 Slope Down; No Recent SMA20 Crossover
CMG,31.950000762939453,-0.66244746834284,-0.8012563020657757,-0.5333507402510396,-7.1693152544668015,39.09000015258789,False,Below 200 SMA; SMA9 Slope Down; No Recent SMA20 Crossover
TRV,356.510009765625,-0.6684965227334397,-0.08365032339373166,-0.6964812283053177,-3.250478071646312,397.3414841188364,False,SMA9 Slope Down; No Recent SMA20 Crossover
UPS,93.44000244140625,-0.682013942798996,-0.4668709619569825,-0.7826850560279452,-4.926153742777261,115.73472424883565,False,Below 200 SMA; SMA9 Slope Down; No Recent SMA20 Crossover
NFLX,69.58000183105469,-0.7000780887461505,-0.7428818011693783,-0.8864747697362902,-7.254489105021877,83.5999984741211,False,Below 200 SMA; SMA9 Slope Down; No Recent SMA20 Crossover
XEL,70.4800033569336,-0.7123735872539373,-0.3286932963405273,-0.49223269126277963,-3.2191557734824183,81.9097542611771,False,Below 200 SMA; SMA9 Slope Down; No Recent SMA20 Crossover
PLD,129.83999633789062,-0.722130858176464,-0.32395106457098927,-0.4421990926984616,-3.433104121463204,148.83831331588354,False,Below 200 SMA; SMA9 Slope Down; No Recent SMA20 Crossover
CB,325.25,-0.7268701263426448,-0.18447279554478854,-0.5508792251012503,-3.589914257077975,364.80796054514764,False,Below 200 SMA; SMA9 Slope Down; No Recent SMA20 Crossover
CPRT,27.280000686645508,-0.7281326085928455,-0.8559272564990987,-0.9314700632596123,-9.243639580712893,34.630001068115234,False,Below 200 SMA; SMA9 Slope Down; No Recent SMA20 Crossover
WEC,100.77999877929688,-0.7311875027870985,-0.2602915156522033,-0.42852852895356913,-2.949646341419776,115.44367812627932,False,Below 200 SMA; SMA9 Slope Down; No Recent SMA20 Crossover
SCHW,97.73999786376953,-0.732444410967834,-0.5026300303647415,-0.7550436102342364,-6.308864225613398,114.52999877929688,False,Below 200 SMA; SMA9 Slope Down; No Recent SMA20 Crossover
UNP,272.1300048828125,-0.7373189794332233,-0.328418425585441,-0.4177550213771942,-3.0102346830638393,314.53036860200524,False,SMA9 Slope Down; No Recent SMA20 Crossover
AFL,111.77999877929688,-0.7445813821710444,-0.18333302389937275,-0.46665630435627864,-3.157476840804141,129.56745864396333,False,Below 200 SMA; SMA9 Slope Down; No Recent SMA20 Crossover
ABT,98.83000183105469,-0.7465856864133641,-0.48572863849157255,-0.3698508081536295,-4.47746626394574,117.33999633789062,False,Below 200 SMA; SMA9 Slope Down; No Recent SMA20 Crossover
ADP,258.05999755859375,-0.7467988403943134,-0.43707421448092665,-0.5915478211256169,-4.105113037292563,286.16855512734946,False,SMA9 Slope Down; No Recent SMA20 Crossover
MDT,86.29000091552734,-0.7622437826646667,-0.2753650713040842,-0.710318375086522,-4.717118479352267,94.63387933071704,False,Below 200 SMA; SMA9 Slope Down; No Recent SMA20 Crossover
LMT,509.25,-0.7683262779975811,-0.3332781751459602,-0.6100533129646046,-3.3818733283979774,608.9832763998896,False,Below 200 SMA; SMA9 Slope Down; No Recent SMA20 Crossover
JPM,330.8299865722656,-0.7719556159745234,-0.3454027318763927,-0.5996615828034313,-4.920798065465926,366.5,False,SMA9 Slope Down; No Recent SMA20 Crossover
SRE,77.95999908447266,-0.7723193935431177,-0.34455838354978285,-0.49653355382489683,-3.702288501596529,93.4649851584568,False,Below 200 SMA; SMA9 Slope Down; No Recent SMA20 Crossover
LOW,184.2899932861328,-0.798071660527289,-0.40371772819501606,-0.576322432080016,-5.199645589000745,225.7899932861328,False,Below 200 SMA; SMA9 Slope Down; No Recent SMA20 Crossover
PSA,282.8399963378906,-0.8016925541641774,-0.2885740451193781,-0.6857812738429548,-3.381178831639109,332.14223331739527,False,Low Volume/Price; Below 200 SMA; SMA9 Slope Down; No Recent SMA20 Crossover
FDX,285.0899963378906,-0.811606847007951,-0.6332063012096567,-0.7889137883722493,-5.673460979240385,340.3538712122982,False,Below 200 SMA; SMA9 Slope Down; No Recent SMA20 Crossover
ZTS,69.83000183105469,-0.8181945479476139,-0.5076661846028291,-0.4959029320230101,-3.9589567671140413,80.16999816894531,False,Below 200 SMA; SMA9 Slope Down; No Recent SMA20 Crossover
SLB,48.720001220703125,-0.8335485288143942,-0.7537814970733067,-0.7252634733217287,-9.02725002141892,60.14791054175784,False,Below 200 SMA; SMA9 Slope Down; No Recent SMA20 Crossover
BAC,54.43000030517578,-0.8609369989431764,-0.611014237115564,-0.7364059468945227,-7.631650390204781,64.89888330679145,False,Below 200 SMA; SMA9 Slope Down; No Recent SMA20 Crossover
NSC,309.0,-0.8886263238402785,-0.37462071382991674,-0.35311663964763934,-3.010746767799821,357.1863643581986,False,Low Volume/Price; Below 200 SMA; SMA9 Slope Down; No Recent SMA20 Crossover
NOC,483.4800109863281,-0.9023716046307028,-0.4755771053496463,-0.8747385634810191,-6.5219784106746115,591.8184616513332,False,Low Volume/Price; Below 200 SMA; SMA9 Slope Down; No Recent SMA20 Crossover
SBUX,93.95999908447266,-0.9027520300708365,-0.6181480114297103,-0.31664046485874114,-4.114133372091944,109.87880450451249,False,Below 200 SMA; SMA9 Slope Down; No Recent SMA20 Crossover
WM,203.9199981689453,-0.9030602950109105,-0.34937147006123376,-0.5017731960158704,-3.9257825521596623,242.53809930496146,False,Below 200 SMA; SMA9 Slope Down; No Recent SMA20 Crossover
ED,102.20999908447266,-0.9032227545188559,-0.2599935542944754,-0.520972918175463,-2.939082162497242,113.64790911990424,False,Below 200 SMA; SMA9 Slope Down; No Recent SMA20 Crossover
MDLZ,57.81999969482422,-0.9220251129220163,-0.26682088166504125,-0.6790071386279631,-4.804908174279476,66.06574778975401,False,Below 200 SMA; SMA9 Slope Down; No Recent SMA20 Crossover
HD,284.489990234375,-0.9310531273548124,-0.540437735625057,-0.6761555632322623,-6.143917643970065,355.7384623950411,False,Below 200 SMA; SMA9 Slope Down; No Recent SMA20 Crossover
ES,64.16000366210938,-0.9315243442111952,-0.41028117134282555,-0.68495950806502,-4.225420204551289,75.67901834206951,False,Below 200 SMA; SMA9 Slope Down; No Recent SMA20 Crossover
RSG,209.8699951171875,-0.9325330091045234,-0.30654452357806145,-0.4700192754639147,-3.826636724164645,227.32000732421875,False,Low Volume/Price; Below 200 SMA; SMA9 Slope Down; No Recent SMA20 Crossover
HAL,31.799999237060547,-0.941406851132239,-0.69390597088421,-0.7523361562642897,-7.990105219377675,38.060001373291016,False,Below 200 SMA; SMA9 Slope Down; No Recent SMA20 Crossover
MS,188.0800018310547,-0.9607275879077269,-0.5570839318512487,-0.8626567202207076,-8.220079965436389,222.0,False,Below 200 SMA; SMA9 Slope Down; No Recent SMA20 Crossover
PEG,67.33999633789062,-0.9647534395528291,-0.38873252286488125,-0.5923719314463936,-4.034916273003509,80.23926418491533,False,Below 200 SMA; SMA9 Slope Down; No Recent SMA20 Crossover
ADM,79.37999725341797,-0.9734453416312151,-0.30672151256108854,-1.1708247116945318,-5.522497569935226,88.75,False,SMA9 Slope Down; No Recent SMA20 Crossover
AON,276.7699890136719,-0.9832952695164293,-0.8244995828019306,-0.7554000021450816,-7.089089808748639,381.4704441876246,False,Below 200 SMA; SMA9 Slope Down; No Recent SMA20 Crossover
SO,82.88999938964844,-0.9949167406268545,-0.3018620848915178,-0.5106016101723919,-3.472609958443429,98.0503712009503,False,Below 200 SMA; SMA9 Slope Down; No Recent SMA20 Crossover
DUK,114.01000213623047,-0.9999127252348388,-0.27090478308130905,-0.43663059775267754,-2.9160916186763197,131.49387000307553,False,Below 200 SMA; SMA9 Slope Down; No Recent SMA20 Crossover
INTU,275.7099914550781,-1.0081447216859494,-1.1149105426738974,-1.4448216326424796,-10.182676488070886,372.9800109863281,False,Below 200 SMA; SMA9 Slope Down; No Recent SMA20 Crossover
EXC,40.400001525878906,-1.024292532479541,-0.35616312813902573,-0.6042779336016629,-4.2603268535278405,48.032651705576306,False,Below 200 SMA; SMA9 Slope Down; No Recent SMA20 Crossover
CINF,159.3699951171875,-1.042203600825362,-0.30032965070428785,-0.6471733351513984,-4.501723296144499,185.27380181250896,False,Below 200 SMA; SMA9 Slope Down; No Recent SMA20 Crossover
MCD,230.94000244140625,-1.057704393783787,-0.6051606742878597,-0.8066701195907275,-6.790332301694246,276.73301354861496,False,Below 200 SMA; SMA9 Slope Down; No Recent SMA20 Crossover
RTX,185.64999389648438,-1.0686066931527742,-0.4994421875809088,-0.4593431449614439,-4.472776123293576,226.41000366210938,False,Below 200 SMA; SMA9 Slope Down; No Recent SMA20 Crossover
PCAR,109.80999755859375,-1.1051800057375467,-0.5341040413008478,-0.740508553019188,-6.701107249453653,138.87227982639365,False,Below 200 SMA; SMA9 Slope Down; No Recent SMA20 Crossover
PEP,126.72000122070312,-1.1150530147602087,-0.43317582616823724,-0.5940053805535574,-4.884669574372658,144.35784870411655,False,Below 200 SMA; SMA9 Slope Down; No Recent SMA20 Crossover
D,60.52000045776367,-1.217740957808269,-0.40852187879365603,-0.6777041563858955,-4.446988054969314,71.21059189779808,False,Below 200 SMA; SMA9 Slope Down; No Recent SMA20 Crossover
BX,112.08999633789062,-1.2286144181391223,-0.9723148529182216,-1.22849963792657,-10.413646914573793,150.24000549316406,False,Below 200 SMA; SMA9 Slope Down; No Recent SMA20 Crossover
ROP,349.4100036621094,-1.2335756870992562,-0.9006134917443049,-0.77543348484832,-7.824897392560937,429.6000061035156,False,Low Volume/Price; Below 200 SMA; SMA9 Slope Down; No Recent SMA20 Crossover
ALL,221.86000061035156,-1.3205597585329654,-0.7303117842486382,-1.4398902096908555,-9.347955987180413,276.07103450236866,False,Below 200 SMA; SMA9 Slope Down; No Recent SMA20 Crossover
PAYX,98.5,-1.3360850917199794,-1.1898968054376142,-1.860057024139471,-12.58935230055156,127.9800033569336,False,Below 200 SMA; SMA9 Slope Down; No Recent SMA20 Crossover
O,54.29999923706055,-1.4845878064433873,-0.5827078197586064,-0.5455696855059247,-5.801448772631124,65.67458399677002,False,Below 200 SMA; SMA9 Slope Down; No Recent SMA20 Crossover
GIS,32.15999984741211,-1.4973231019828723,-1.2212467233210307,-1.4260814485438562,-10.949896006733562,42.20000076293945,False,Below 200 SMA; SMA9 Slope Down; No Recent SMA20 Crossover
